Marque;Modèle;Filaire;Réf constructeur;PRIX;Mono/Bino;Poids;Connexion;Connectivité;Garantie;Microsoft Skype;Styles de port;Options;Portée;Talk time;Autonomie;Support Bruit au travail;Nombre de micros;Dongle
JABRA;GN 2100 Mono Flex;Filaire;2126-82-04; 178,00 € ;Mono;40g;QD;TEL ou PC ou GSM;2 ans;;Serre-tête;Contour de nuque/Contour d'oreille;;;;;;
JABRA;GN 2100 Duo Flex;Filaire;2129-82-04; 187,00 € ;Bino;55g;QD;TEL ou PC ou GSM;2 ans;;Serre-tête;;;;;;;
JABRA;BIZ 2300 Mono;Filaire;2303-820-104; 119,00 € ;Mono;48g;QD;TEL ou PC ou GSM;3 ans;;Serre-tête;Contour de nuque/Contour d'oreille;;;;;;
JABRA;BIZ 2300 Duo;Filaire;2309-820-104; 139,00 € ;Bino;68g;QD;TEL ou PC ou GSM;3 ans;;Serre-tête;;;;;;;
JABRA;BIZ 2400 II Mono;Filaire;2406-820-204; 189,00 € ;Mono;195g;QD;TEL ou PC ou GSM;3 ans;;Serre-tête;Contour de nuque/Contour d'oreille;;;;;;
JABRA;BIZ 2400 II Duo;Filaire;2409-820-204; 199,00 € ;Bino;;QD;TEL ou PC ou GSM;3 ans;;Serre-tête;;;;;;;
PLANTRONICS ;ENTERA HW11N/A;Filaire;79180-03; 79,00 € ;Mono;60g;QD;TEL ou PC ou GSM;2 ans;;Serre-tête;;;;;;;
PLANTRONICS ;ENTERA HW121N/A;Filaire;79181-03; 99,00 € ;Bino;60g;QD;TEL ou PC ou GSM;2 ans;;Serre-tête;;;;;;;
PLANTRONICS ;Supraplus HW251N/A;Filaire;36832-41; 129,00 € ;Mono;49g;QD;TEL ou PC ou GSM;2 ans;;Serre-tête;;;;;;;
PLANTRONICS ;Supraplus HW261N/A;Filaire;36834-41; 156,00 € ;Bino;49g;QD;TEL ou PC ou GSM;2 ans;;Serre-tête;;;;;;;
PLANTRONICS ;Encore Pro 540;Filaire;88828-02; 139,00 € ;Mono;32g;QD;TEL ou PC ou GSM;2 ans;;Serre-tête/Contour d'oreille/Contour de nuque;;;;;;;
PLANTRONICS ;Encore Pro 530;Filaire;201500-02; 125,00 € ;Mono;26g;QD;TEL ou PC ou GSM;2 ans;;Serre-tête;;;;;;;
PLANTRONICS ;Encore Pro 510;Filaire;89433-02; 95,00 € ;Mono;52g;QD;TEL ou PC ou GSM;2 ans;;Serre-tête;;;;;;;
PLANTRONICS ;Encore Pro 520;Filaire;89434-02; 159,00 € ;Bino;74g;QD;TEL ou PC ou GSM;2 ans;;Serre-tête;;;;;;;
PLANTRONICS ;Encore Pro 710;Filaire;78712-102; 159,00 € ;Mono;43,5g;QD;TEL ou PC ou GSM;3 ans;;Serre-tête;;;;;;;
PLANTRONICS ;Encore Pro 720;Filaire;78714-102; 179,00 € ;Bino;61,5g;QD;TEL ou PC ou GSM;3 ans;;Serre-tête;;;;;;;
SENNHEISER;SC 630;Filaire;504556; 124,00 € ;Mono;77g;QD;TEL ou PC ou GSM;2 ans;;Serre-tête;;;;;;;
SENNHEISER;SC 660;Filaire;504557; 209,00 € ;Bino;110g;QD;TEL ou PC ou GSM;2 ans;;Serre-tête;;;;;;;
SENNHEISER;SC 230;Filaire;504401; 100,00 € ;Mono;58g;QD;TEL ou PC ou GSM;2 ans;;Serre-tête;;;;;;;
SENNHEISER;SC 260;Filaire;504402; 82,90 € ;Bino;86g;QD;TEL ou PC ou GSM;2 ans;;Serre-tête;;;;;;;
JABRA;Evolve 20 UC Mono;Filaire;4993-829-209; 40,00 € ;Mono;;USB;PC;2 ans;Non;Serre-tête;;;;;;;
JABRA;Evolve 20 UC Bino;Filaire;4999-829-209; 37,00 € ;Bino;;USB;PC;2 ans;Non;Serre-tête;;;;;;;
JABRA;Evolve 20 MS Mono;Filaire;4993-823-109; 40,00 € ;Mono;;USB;PC;2 ans;Oui;Serre-tête;;;;;;;
JABRA;Evolve 20 MS Bino;Filaire;4999-823-109; 50,00 € ;Bino;;USB;PC;2 ans;Oui;Serre-tête;;;;;;;
JABRA;Evolve 30 UC Mono;Filaire;5393-829-209; 68,00 € ;Mono;;USB;PC;2 ans;Non;Serre-tête;;;;;;;
JABRA;Evolve 30 UC Bino;Filaire;5399-823-209; 78,00 € ;Bino;200g;USB;PC;2 ans;Non;Serre-tête;;;;;;;
JABRA;Evolve 30 MS Mono;Filaire;5393-823-109; 68,00 € ;Mono;;USB;PC;2 ans;Oui;Serre-tête;;;;;;;
JABRA;Evolve 30 MS Bino;Filaire;5399-823-109; 78,00 € ;Bino;200g;USB;PC;2 ans;Oui;Serre-tête;;;;;;;
JABRA;Evolve 40 UC Mono;Filaire;6393-829-209; 89,00 € ;Mono;;USB;PC;2 ans;Non;Serre-tête;;;;;;;
JABRA;Evolve 40 UC Bino;Filaire;6399-829-209; 99,00 € ;Bino;260g;USB;PC;2 ans;Non;Serre-tête;;;;;;;
JABRA;Evolve 40 MS Mono;Filaire;6393-823-109; 89,00 € ;Mono;;USB;PC;2 ans;Oui;Serre-tête;;;;;;;
JABRA;Evolve 40 MS Bino;Filaire;6399-823-109; 99,00 € ;Bino;260g;USB;PC;2 ans;Oui;Serre-tête;;;;;;;
JABRA;Evolve 80 UC Bino;Filaire;7899-829-209; 329,00 € ;Bino;650g;USB;PC;2 ans;Non;Serre-tête;;;;;;;
JABRA;Evolve 80 MS Bino;Filaire;7899823-109; 329,00 € ;Bino;650g;USB;PC;2 ans;Oui;Serre-tête;;;;;;;
JABRA;Biz 2300 USB, UC Mono;Filaire;2393-829-109; 129,00 € ;Mono;48g;USB;PC;2 ans;Non;Serre-tête;;;;;;;
JABRA;Biz 2300 USB, UC Bino;Filaire;2399-829-109; 149,00 € ;Bino;68g;USB;PC;2 ans;Non;Serre-tête;;;;;;;
JABRA;Biz 2300 USB MS Mono;Filaire;2393-823-109; 129,00 € ;Mono;48g;USB;PC;2 ans;Oui;Serre-tête;;;;;;;
JABRA;Biz 2300 USB MS Bino;Filaire;2399-823-109; 149,00 € ;Bino;68g;USB;PC;2 ans;Oui;Serre-tête;;;;;;;
JABRA;Biz 2400 II USB UC Mono;Filaire;2496-829-309; 189,00 € ;Mono;51g;USB;PC;2 ans;Non;Serre-tête;;;;;;;
JABRA;Biz 2400 II USB UC Bino;Filaire;2499-829-309; 199,00 € ;Bino;56g;USB;PC;2 ans;Non;Serre-tête;;;;;;;
JABRA;Biz 2400 II USB MS Mono;Filaire;2496-823-309; 189,00 € ;Mono;51g;USB;PC;2 ans;Oui;Serre-tête;;;;;;;
JABRA;Biz 2400 II USB MS Bino;Filaire;2499-823-309; 199,00 € ;Bino;56g;USB;PC;2 ans;Oui;Serre-tête;;;;;;;
JABRA;VOICE 150 UC Mono;Filaire;1593-829-209; 34,00 € ;Mono;;USB;PC;2 ans;Non;Serre-tête;;;;;;;
JABRA;VOICE 150 UC Bino;Filaire;1599-829-209; 39,00 € ;Bino;;USB;PC;2 ans;Non;Serre-tête;;;;;;;
JABRA;VOICE 150 MS Mono;Filaire;1593-823-109; 34,00 € ;Mono;;USB;PC;2 ans;Oui;Serre-tête;;;;;;;
JABRA;VOICE 150 MS Bino;Filaire;1599-823-109; 39,00 € ;Bino;;USB;PC;2 ans;Oui;Serre-tête;;;;;;;
JABRA;VOICE 250 UC;Filaire;2507-829-209; 44,00 € ;Mono;;USB;PC;2 ans;Non;Contour d'oreille;;;;;;;
JABRA;VOICE 250 MS;Filaire;2507-823-109; 44,00 € ;Mono;;USB;PC;2 ans;Oui;Contour d'oreille;;;;;;;
JABRA;VOICE 550 UC Mono;Filaire;5593-829-209; 55,00 € ;Mono;;USB;PC;2 ans;Non;Serre-tête;;;;;;;
JABRA;VOICE 550 UC Bino;Filaire;5599-829-209; 59,00 € ;Bino;;USB;PC;2 ans;Non;Serre-tête;;;;;;;
JABRA;VOICE 550 MS Mono;Filaire;5593-823-109; 55,00 € ;Mono;;USB;PC;2 ans;Oui;Serre-tête;;;;;;;
JABRA;VOICE 550 MS Bino;Filaire;5599-823-109; 59,00 € ;Bino;;USB;PC;2 ans;Oui;Serre-tête;;;;;;;
JABRA;VOICE 750 UC Mono;Filaire;7593-829-409; 69,00 € ;Mono;;USB;PC;2 ans;Non;Serre-tête;;;;;;;
JABRA;VOICE 750 UC Bino;Filaire;7599-829-409; 79,00 € ;Bino;;USB;PC;2 ans;Non;Serre-tête;;;;;;;
JABRA;VOICE 750 MS Mono;Filaire;7593-823-309; 69,00 € ;Mono;;USB;PC;2 ans;Oui;Serre-tête;;;;;;;
JABRA;VOICE 750 MS Bino;Filaire;7599-823-309; 79,00 € ;Bino;;USB;PC;2 ans;Oui;Serre-tête;;;;;;;
PLANTRONICS ;Blackwire C215;Filaire;205203-02; 37,99 € ;Mono;;Jack 3,5;PC;2 ans;Non;Serre-tête;;;;;;;
PLANTRONICS ;Blackwire C225;Filaire;205204-02; 34,99 € ;Bino;;Jack 3,5;PC;2 ans;Non;Serre-tête;;;;;;;
PLANTRONICS ;Blackwire C310;Filaire;85618-02; 39,99 € ;Mono;;USB;PC;2 ans;Non;Serre-tête;;;;;;;
PLANTRONICS ;Blackwire C310-M;Filaire;85618-01; 39,99 € ;Mono;;USB;PC;2 ans;Oui;Serre-tête;;;;;;;
PLANTRONICS ;Blackwire C320;Filaire;85619-02; 49,99 € ;Bino;;USB;PC;2 ans;Non;Serre-tête;;;;;;;
PLANTRONICS ;Blackwire C320-M;Filaire;85619-01; 49,99 € ;Bino;;USB;PC;2 ans;Oui;Serre-tête;;;;;;;
PLANTRONICS ;Blackwire C315;Filaire;204440-02; 70,00 € ;Mono;;USB/Jack 3,5;PC;2 ans;Non;Serre-tête;;;;;;;
PLANTRONICS ;Blackwire C315-M;Filaire;200264-01; 70,00 € ;Mono;;USB/Jack 3,5;PC;2 ans;Oui;Serre-tête;;;;;;;
PLANTRONICS ;Blackwire C325;Filaire;204446-02; 80,00 € ;Bino;;USB/Jack 3,5;PC;2 ans;Non;Serre-tête;;;;;;;
PLANTRONICS ;Blackwire C325-M;Filaire;200263-01; 80,00 € ;Bino;;USB/Jack 3,5;PC;2 ans;Oui;Serre-tête;;;;;;;
PLANTRONICS ;Blackwire   C435;Filaire;85800-05; 69,99 € ;Mono/Bino;;USB;PC;2 ans;Non;Contour de nuque/Contour d'oreille;;;;;;;
PLANTRONICS ;Blackwire   C435-M;Filaire;85801-05; 69,99 € ;Mono/Bino;;USB;PC;2 ans;Oui;Contour de nuque/Contour d'oreille;;;;;;;
PLANTRONICS ;Blackwire C510;Filaire;88860-01; 89,99 € ;Mono;;USB;PC;2 ans;Non;Serre-tête;;;;;;;
PLANTRONICS ;Blackwire C510-M;Filaire;88860-02; 89,99 € ;Mono;;USB;PC;2 ans;Oui;Serre-tête;;;;;;;
PLANTRONICS ;Blackwire C520;Filaire;88861-01; 99,99 € ;Bino;;USB;PC;2 ans;Non;Serre-tête;;;;;;;
PLANTRONICS ;Blackwire C520-M;Filaire;88861-02; 99,99 € ;Bino;;USB;PC;2 ans;Oui;Serre-tête;;;;;;;
PLANTRONICS ;Blackwire C710;Filaire;87505-02; 139,00 € ;Mono;;USB/Bluetooth;PC;2 ans;Non;Serre-tête;;;;;;;
PLANTRONICS ;Blackwire C710-M;Filaire;87505-01; 139,00 € ;Mono;;USB/Bluetooth;PC;2 ans;Oui;Serre-tête;;;;;;;
PLANTRONICS ;Blackwire C720;Filaire;87506-12; 149,00 € ;Bino;;USB/Bluetooth;PC;2 ans;Non;Serre-tête;;;;;;;
PLANTRONICS ;Blackwire C720-M;Filaire;87506-01; 149,00 € ;Bino;;USB/Bluetooth;PC;2 ans;Oui;Serre-tête;;;;;;;
PLANTRONICS ;Blackwire C725;Filaire;202580-01; 179,00 € ;Bino;;USB;PC;2 ans;Non;Serre-tête;;;;;;;
PLANTRONICS ;Blackwire C725-M;Filaire;202581-01; 179,00 € ;Bino;;USB;PC;2 ans;Oui;Serre-tête;;;;;;;
SENNHEISER;SC 630 USB CTRL;Filaire;504554; 189,00 € ;Mono;134g;USB;PC;3 ans;Non;Serre-tête;;;;;;;
SENNHEISER;SC 630 USB ML;Filaire;504552; 189,00 € ;Mono;134g;USB;PC;3 ans;Oui;Serre-tête;;;;;;;
SENNHEISER;SC 660 USB CTRL;Filaire;504555; 219,00 € ;Bino;110g;USB;PC;3 ans;Non;Serre-tête;;;;;;;
SENNHEISER;SC 660 USB ML;Filaire;504553; 219,00 € ;Bino;110g;USB;PC;3 ans;Oui;Serre-tête;;;;;;;
SENNHEISER;SC 230 USB ;Filaire;504403; 105,00 € ;Mono;58g;USB;PC;2 ans;Non;Serre-tête;;;;;;;
SENNHEISER;SC 230 USB CTRL II;Filaire;506480; 120,00 € ;Mono;58g;USB;PC;2 ans;Non;Serre-tête;;;;;;;
SENNHEISER;SC 230 USB MS II;Filaire;504407; 120,00 € ;Mono;58g;USB;PC;2 ans;Oui;Serre-tête;;;;;;;
SENNHEISER;SC 260 USB;Filaire;504404; 130,00 € ;Bino;86g;USB;PC;3 ans;Non;Serre-tête;;;;;;;
SENNHEISER;SC 260 USB CTRL II;Filaire;506481; 139,00 € ;Bino;86g;USB;PC;3 ans;Non;Serre-tête;;;;;;;
SENNHEISER;SC 260 USB MS II;Filaire;506483; 140,00 € ;Bino;86g;USB;PC;3 ans;Oui;Serre-tête;;;;;;;
SENNHEISER;SC 40 USB CTRL;Filaire;506500;80;Mono;92g;USB;PC;2 ans;Non;Serre-tête;0;;;;;;
SENNHEISER;SC 40 USB MS;Filaire;506498;80;Mono;92g;USB;PC;2 ans;Oui;Serre-tête;0;;;;;;
SENNHEISER;SC 70 USB CTRL;Filaire;506504;90;Bino;92g;USB;PC;2 ans;Non;Serre-tête;0;;;;;;
SENNHEISER;SC 70 USB MS;Filaire;506502;90;Bino;92g;USB;PC;2 ans;Oui;Serre-tête;0;;;;;;
SENNHEISER;SC 75;Filaire;507085;99;Bino;0;Jack 3,5;PC;2 ans;Non;Serre-tête;0;;;;;;
SENNHEISER;SC 75 USB CTRL;Filaire;507087;99;Bino;0;USB;PC;2 ans;Non;Serre-tête;0;;;;;;
SENNHEISER;SC 75 USB MS;Filaire;507086;99;Bino;0;USB;PC;2 ans;Oui;Serre-tête;0;;;;;;
SENNHEISER;SC 30 USB CTRL;Filaire;504548;55;Mono;82g;USB;PC;2 ans;Non;Serre-tête;0;;;;;;
SENNHEISER;SC 30 USB ML;Filaire;504546;55;Mono;82g;USB;PC;2 ans;Oui;Serre-tête;0;;;;;;
SENNHEISER;SC 60 USB CTRL;Filaire;504549;65;Bino;106g;USB;PC;2 ans;Non;Serre-tête;0;;;;;;
SENNHEISER;SC 60 USB ML;Filaire;504547;65;Bino;106g;USB;PC;2 ans;Oui;Serre-tête;0;;;;;;
SENNHEISER;SP10;Filaire;506047;159;Speakerphone;0;USB;PC ;2 ans;Non;0;0;;;;;;
SENNHEISER;SP10 ML;Filaire;506048;159;Speakerphone;0;USB;PC;2 ans;Oui;0;0;;;;;;
SENNHEISER;SP20;Filaire;506049;179;Speakerphone;0;USB / jack 3,5;PC / GSM;2 ans;Non;0;0;;;;;;
SENNHEISER;SP20 ML;Filaire;506050;179;Speakerphone;0;USB / jack 3,5;PC / GSM;2 ans;Oui;0;0;;;;;;
JABRA;PRO 930 MONO;Sans Fil;930-25-509-101;199;Mono;27g;;PC;1 an;Non;0;0;120m;8h;36h;0;0;0
JABRA;PRO 930 MONO MS;Sans Fil;930-25-503-101;199;Mono;27g;;PC;1 an;Oui;0;0;120m;8h;36h;0;0;0
JABRA;PRO 930 DUO;Sans Fil;930-29-509-101;269;Bino;37g;;PC;1 an;Non;0;0;120m;8h;36h;0;0;0
JABRA;PRO 930 DUO MS;Sans Fil;930-29-503-101;269;Bino;37g;;PC;1 an;Oui;0;0;120m;8h;36h;0;0;0
PLANTRONICS;SAVI 410;Sans Fil;84007-04;249;Mono;72g;;PC;2 ans;Non;0;0;120m;9h;50h;0;0;0
PLANTRONICS;SAVI 410 - M;Sans Fil;84007-02;249;Mono;72g;;PC;2 ans;Oui;0;0;120m;9h;50h;0;0;0
PLANTRONICS;SAVI 420;Sans Fil;84008-04;279;Bino;94g;;PC;2 ans;Non;0;0;120m;9h;50h;0;0;0
PLANTRONICS;SAVI 420 - M;Sans Fil;84008-02;279;Bino;94g;;PC;2 ans;Oui;0;0;120m;9h;50h;0;0;0
PLANTRONICS;SAVI 430;Sans Fil;82396-12;249;Mono;25g;;PC;2 ans;Non;0;0;120m;6h;40h;0;0;0
PLANTRONICS;SAVI 430 - M;Sans Fil;82397-12;249;Mono;25g;;PC;2 ans;Oui;0;0;120m;6h;40h;0;0;0
PLANTRONICS;SAVI 440;Sans Fil;203946-02;249;Mono;21g;;PC;2 ans;Non;0;0;120m;7h;40h;0;0;0
PLANTRONICS;SAVI 440 - M;Sans Fil;203947-02;249;Mono;21g;;PC;2 ans;Oui;0;0;120m;7h;40h;0;0;0
SENNHEISER;D10 USB;Sans Fil;506412;239;Mono;22g;;PC;2 ans;Non;0;0;120m;11h;100h;0;0;0
SENNHEISER;D10 USB ML;Sans Fil;506416;239;Mono;22g;;PC;2 ans;Oui;0;0;120m;11h;100h;0;0;0
SENNHEISER;DW Office USB;Sans Fil;504312;299;Mono;22g;;PC;2 ans;Non;0;0;120m;11h;100h;0;0;0
SENNHEISER;DW Office USB ML;Sans Fil;504466;299;Mono;22g;;PC;2 ans;Oui;0;0;120m;11h;100h;0;0;0
SENNHEISER;DW Pro 1 USB;Sans Fil;504316;210;Mono;65g;;PC;2 ans;Non;0;0;120m;11h;100h;0;0;0
SENNHEISER;DW Pro 1 USB ML;Sans Fil;504470;229;Mono;65g;;PC;2 ans;Oui;0;0;120m;11h;100h;0;0;0
SENNHEISER;DW Pro 2 USB;Sans Fil;504320;319;Bino;85g;;PC;2 ans;Non;0;0;120m;11h;100h;0;0;0
SENNHEISER;DW Pro 2 USB ML;Sans Fil;504474;319;Bino;85g;;PC;2 ans;Oui;0;0;120m;11h;100h;0;0;0
JABRA;PRO 920 MONO;Sans Fil;920-25-508-101;199;Mono;28g;;TEL;2 ans;0;0;Contour de nuque contour d'oreille;120m;8h;36h;0;0;0
JABRA;PRO 920 DUO;Sans Fil;920-29-508-101;269;Bino;38g;;TEL;2 ans;0;0;0;120m;8h;36h;0;0;0
PLANTRONICS;CS510;Sans Fil;84691-02;299;Mono;72g;;TEL;2 ans;0;0;0;120m;9h;60h;0;0;0
PLANTRONICS;CS520;Sans Fil;84692-02;329;Bino;94g;;TEL;2 ans;0;0;0;120m;9h;60h;0;0;0
PLANTRONICS;CS530;Sans Fil;86305-02;249;Mono;25g;;TEL;2 ans;0;0;0;120m;6h;60h;0;0;0
PLANTRONICS;CS540;Sans Fil;84693-02;250;Mono;21g;;TEL;2 ans;0;0;Contour de nuque;120m;7h;60h;0;0;0
PLANTRONICS;C565 (pour DECT);Sans Fil;201827-02;100;Mono;22g;;TEL;2 ans;0;0;0;120m;7h;40h;0;0;0
SENNHEISER;D10;Sans Fil;506408;239;Mono;22g;;TEL;2 ans;0;0;0;150m;8h;100h;0;0;0
SENNHEISER;DW Office Phone;Sans Fil;504430;279;Mono;22g;;TEL;2 ans;0;0;0;150m;8h;100h;0;0;0
SENNHEISER;DW Pro 1 Phone;Sans Fil;504434;299;Mono;65g;;TEL;2 ans;0;0;0;150m;8h;100h;0;0;0
SENNHEISER;DW Pro 2 Phone;Sans Fil;504438;319;Mono;85g;;TEL;2 ans;0;0;0;150m;8h;100h;0;0;0
JABRA;PRO 925 MONO;Sans Fil;925-15-508-201;259;Mono;28g;;TEL + GSM;1 an;0;0;0;100m;12h;150h;0;1;0
PLANTRONICS;Voyager Legend CS;Sans Fil;88863-02;229;Mono;18g;;TEL + GSM;2 ans;0;0;0;12m;7h;11j;0;3;0
JABRA;STEALTH UC;Sans Fil;5578-230-109;110;Mono;17,5g;;GSM + PC;2 ans;Non;0;0;10m - 30m(PC);6h;150h;0;2;Oui
JABRA;STEALTH UC MS;Sans Fil;5578-230-309;110;Mono;17,5g;;GSM + PC;2 ans;Oui;0;0;10m - 30m(PC);6h;150h;0;2;Oui
JABRA;MOTION UC;Sans Fil;6630-900-141;160;Mono;17,5g;;GSM + PC;2 ans;Non;0;0;10m - 50/120m(PC);6h;360h;0;2;Oui
JABRA;MOTION UC MS;Sans Fil;6630-900-341;160;Mono;17,5g;;GSM + PC;2 ans;Oui;0;0;10m - 50/120m(PC);6h;360h;0;2;Oui
JABRA;PRO 935;Sans Fil;935-15-509-201 ;259;Mono;28g;;GSM + PC;1 an;Non;0;0;100m;10h;150h;0;0;Non
JABRA;PRO 935 MS;Sans Fil;935-15-503-201;259;Mono;28g;;GSM + PC;1 an;Oui;0;0;100m;10h;150h;0;0;Non
JABRA;EVOLVE 65 MONO;Sans Fil;6593-829-409;155;Mono;79g;;GSM + PC;2 ans;Non;0;0;30m;10h;15 jours;0;1;Oui
JABRA;EVOLVE 65 MONO MS;Sans Fil;6593-823-309;155;Mono;79g;;GSM + PC;2 ans;Oui;0;0;30m;10h;15 jours;0;1;Oui
JABRA;EVOLVE 65 BINO;Sans Fil;6599-829-409;165;Bino;111g;;GSM + PC;2 ans;Non;0;0;30m;10h;15 jours;0;1;Oui
JABRA;EVOLVE 65 BINO MS;Sans Fil;6599-823-309;165;Bino;111g;;GSM + PC;2 ans;Oui;0;0;30m;10h;15 jours;0;1;Oui
PLANTRONICS;Voyager Legend UC;Sans Fil;87670-02;149;Mono;18g;;GSM + PC;2 ans;Non;0;0;10m;7h;11 jours;0;3;Non
PLANTRONICS;Voyager Legend UC - M;Sans Fil;87680-02;149;Mono;18g;;GSM + PC;2 ans;Oui;0;0;10m;7h;11 jours;0;3;Oui
PLANTRONICS;Voyager EDGE UC;Sans Fil;202310-02;149;Mono;9g;;GSM + PC;2 ans;Non;0;0;10m - 50m;7h;7 jours;0;3;Non
PLANTRONICS;Voyager EDGE UC MS;Sans Fil;202320-02;149;Mono;9g;;GSM + PC;2 ans;Oui;0;0;10m - 50m;7h;7 jours;0;3;Oui
PLANTRONICS;Voyager 5200 UC;Sans Fil;206110-01;169;Mono;20g;;GSM + PC;2 ans;Oui;0;0;10m - 50m;7h;7 jours;0;4;Oui
PLANTRONICS;Voyager Focus UC (sans socle);Sans Fil;202652-03;249;Bino;155g;;GSM + PC;2 ans;Non;0;0;45m;12h;15h;0;3;Non
PLANTRONICS;Voyager Focus UC;Sans Fil;202652-01;299;Bino;155g;;GSM + PC;2 ans;Non;0;0;45m;12h;15h;0;3;Non
PLANTRONICS;Voyager Focus UC - M (sans socle);Sans Fil;202652-04;249;Bino;155g;;GSM + PC;2 ans;Oui;0;0;45m;12h;15h;0;3;Oui
PLANTRONICS;Voyager Focus UC - M;Sans Fil;202652-02;299;Bino;155g;;GSM + PC;2 ans;Oui;0;0;45m;12h;15h;0;3;Oui
SENNHEISER;MB Pro 1 UC;Sans Fil;506042;219;Mono;63g;;GSM + PC;2 ans;Non;0;0;25m;15h;100h;0;0;Oui
SENNHEISER;MB Pro 1 UC ML;Sans Fil;506043;219;Mono;63g;;GSM + PC;2 ans;Oui;0;0;25m;15h;100h;0;0;Oui
SENNHEISER;MB Pro 2 UC;Sans Fil;506045;239;Bino;63g;;GSM + PC;2 ans;Non;0;0;25m;15h;100h;0;0;Oui
SENNHEISER;MB Pro 2 UC ML;Sans Fil;506046;239;Bino;63g;;GSM + PC;2 ans;Oui;0;0;25m;15h;100h;0;0;Oui
JABRA;PRO™ 9470 MONO;Sans Fil;9470-26-904-101;379;Mono;36,5g;;PC + TEL + GSM;2 ans;Non;0;0;150m;9h;40h;0;0;0
JABRA;PRO™ 9465 DUO;Sans Fil;9465-29-804-101;399;Bino;36,5g;;PC + TEL + GSM;2 ans;Non;0;0;150m;9h;40h;0;0;0
JABRA;MOTION OFFICE;Sans Fil;6670-904-141;350;Mono;17,5g;;PC + TEL + GSM;2 ans;Non;0;0;100m;8h;360h;0;0;0
JABRA;MOTION OFFICE MS;Sans Fil;6670-904-341;350;Mono;17,5g;;PC + TEL + GSM;2 ans;Oui;0;0;100m;8h;360h;0;0;0
PLANTRONICS;SAVI W710;Sans Fil;83545-12;359;Mono;72g;;PC + TEL + GSM;2 ans;Non;0;0;120m;9h;50h;0;0;0
PLANTRONICS;SAVI W710 - M;Sans Fil;84003-02;359;Mono;72g;;PC + TEL + GSM;2 ans;Oui;0;0;120m;9h;50h;0;0;0
PLANTRONICS;SAVI W720;Sans Fil;83544-12;389;Bino;94g;;PC + TEL + GSM;2 ans;Non;0;0;120m;9h;50h;0;0;0
PLANTRONICS;SAVI W720 - M;Sans Fil;84004-02;389;Bino;94g;;PC + TEL + GSM;2 ans;Oui;0;0;120m;9h;50h;0;0;0
PLANTRONICS;SAVI W730;Sans Fil;83543-12;359;Mono;25g;;PC + TEL + GSM;2 ans;Non;0;0;120m;7h;40h;0;0;0
PLANTRONICS;SAVI W730   - M;Sans Fil;84002-12;359;Mono;25g;;PC + TEL + GSM;2 ans;Oui;0;0;120m;7h;40h;0;0;0
PLANTRONICS;SAVI W740;Sans Fil;83542-12;359;Mono;21g;;PC + TEL + GSM;2 ans;Non;0;0;120m;7h;50h;0;0;0
PLANTRONICS;SAVI W740 -   M;Sans Fil;84001-12;359;Mono;21g;;PC + TEL + GSM;2 ans;Oui;0;0;120m;7h;50h;0;0;0
JABRA;PRO™ 9460 MONO;Sans Fil;9460-25-707-101;349;Mono;31g;;PC + TEL;2 ans;Non;Serre-tête -  Contour d'oreille;Contour de nuque;120m;10h;38h;Oui;0;0
JABRA; PRO™ 9460 DUO;Sans Fil;9460-29-707-101;369;Bino;34g;;PC + TEL;2 ans;Non;Serre-tête;Contour de nuque;120m;10h;38h;Oui;0;0
JABRA;PRO 9450 MONO;Sans Fil;9450-25-507-101;329;Mono;28g;;PC + TEL;2 ans;Non;Serre-tête -  Contour d'oreille;Contour de nuque;120m;10h;46h;Oui;0;0
JABRA;PRO 9450      DUO;Sans Fil;9450-29-707-101;350;Bino;28g;;PC + TEL;2 ans;Non;Serre-tête;Contour de nuque;120m;10h;46h;Oui;0;0
SENNHEISER;DW Office;Sans Fil;504300;349;Mono;50g;;PC + TEL;2 ans;Non;Serre-tête -  Contour d'oreille;0;120m;10h;100h;Non;0;0
SENNHEISER;DW Office ML;Sans Fil;504454;349;Mono;50g;;PC + TEL;2 ans;Oui;Serre-tête -  Contour d'oreille;0;120m;10h;100h;Non;0;0
SENNHEISER;DW Pro 1;Sans Fil;504304;349;Mono;65g;;PC + TEL;2 ans;Non;0;0;120m;10h;100h;Oui;0;0
SENNHEISER;DW Pro 1 ML;Sans Fil;504458;349;Mono;65g;;PC + TEL;2 ans;Oui;0;0;120m;10h;100h;Oui;0;0
SENNHEISER;DW Pro 2;Sans Fil;504308;369;Bino;85g;;PC + TEL;2 ans;Non;0;0;120m;10h;100h;Oui;0;0
SENNHEISER;DW Pro 2 ML;Sans Fil;504462;369;Bino;85g;;PC + TEL;2 ans;Oui;0;0;120m;10h;100h;Oui;0;0
JABRA;SPEAK 510 UC (Dongle);Sans Fil;7510-409;159;0;300g;;Speakerphone;2 ans;Non;0;0;100m;15h;0;0;0;Oui
JABRA;SPEAK 510 MS;Sans Fil;7510-109;129;0;300g;;Speakerphone;2 ans;Oui;0;0;100m;15h;0;0;0;0
JABRA;SPEAK 510;Sans Fil;7510-209;129;0;300g;;Speakerphone;2 ans;Non;0;0;100m;15h;0;0;0;0
JABRA;SPEAK 810;Sans Fil;7810-209;599;0;300g;;Speakerphone;2 ans;Non;0;0;100m;15h;0;0;0;0
JABRA;SPEAK 810 - M;Sans Fil;7810-109;599;0;300g;;Speakerphone;2 ans;Oui;0;0;100m;15h;0;0;0;0
PLANTRONICS;CALISTO 620;Sans Fil;86700-02;129;0;430g;;Speakerphone;2 ans;Non;0;0;50m;7h;5 jours;0;0;Oui
PLANTRONICS;CALISTO 620 - M;Sans Fil;86701-02;129;0;430g;;Speakerphone;2 ans;Oui;0;0;50m;7h;5 jours;0;0;Oui